ID,DateTimeStamp,GroupId,BatchId,BatchStatus,CommonBlock,UnitName,UnitStatus,UnitStartTime,UnitEndTime,RecipeName,RecipeCreatedDate,RecipeComment,ProductName,RecipeVersion,RecipeModifiedDate,RecipeAuthor,PersonApproved,ApprovalDate,MasterRecipeStatus,RecipeEngUnit,SecurityLevel,Description,BatchStartTime,BatchEndTime
2890,2025-11-14 17:25:45.000,3,RNKL097230925,COMPLETE,R204KDOL,R204KDOL,COMPLETE,24-09-2025 01:05:25,25-09-2025 00:19:14,AAGKDOL,25-05-2025 16:05:56,AAG TO KDOL,NA,1,25-05-2025 16:05:56,Administrator,NA,01-01-1970 05:30:00,Not Approved,NA,1,NA,23-09-2025 03:58:39,25-09-2025 18:36:55
2891,2025-11-14 17:25:45.000,3,RNKL097230925,COMPLETE,R205KDOL,R205KDOL,COMPLETE,24-09-2025 19:17:16,25-09-2025 18:36:54,AAGKDOL,25-05-2025 16:05:56,AAG TO KDOL,NA,1,25-05-2025 16:05:56,Administrator,NA,01-01-1970 05:30:00,Not Approved,NA,1,NA,23-09-2025 03:58:39,25-09-2025 18:36:55
2892,2025-11-14 17:25:50.000,3,RNKL095220925,COMPLETE,R203KDOL,R203KDOL,COMPLETE,22-09-2025 06:58:57,23-09-2025 03:40:14,AAGKDOL,25-05-2025 16:05:56,AAG TO KDOL,NA,1,25-05-2025 16:05:56,Administrator,NA,01-01-1970 05:30:00,Not Approved,NA,1,NA,22-09-2025 06:58:47,24-09-2025 19:10:56
2893,2025-11-14 17:25:54.000,3,RNKL095220925,COMPLETE,R204KDOL,R204KDOL,COMPLETE,23-09-2025 03:03:16,24-09-2025 00:10:23,AAGKDOL,25-05-2025 16:05:56,AAG TO KDOL,NA,1,25-05-2025 16:05:56,Administrator,NA,01-01-1970 05:30:00,Not Approved,NA,1,NA,22-09-2025 06:58:47,24-09-2025 19:10:56
2894,2025-11-14 17:25:55.000,3,RNKL095220925,COMPLETE,R205KDOL,R205KDOL,COMPLETE,23-09-2025 20:59:01,24-09-2025 19:10:55,AAGKDOL,25-05-2025 16:05:56,AAG TO KDOL,NA,1,25-05-2025 16:05:56,Administrator,NA,01-01-1970 05:30:00,Not Approved,NA,1,NA,22-09-2025 06:58:47,24-09-2025 19:10:56
2895,2025-11-14 17:26:08.000,3,RNKL085160925,COMPLETE,R203KDOL,R203KDOL,COMPLETE,16-09-2025 10:50:09,17-09-2025 18:45:00,AAGKDOL,25-05-2025 16:05:56,AAG TO KDOL,NA,1,25-05-2025 16:05:56,Administrator,NA,01-01-1970 05:30:00,Not Approved,NA,1,NA,16-09-2025 10:49:56,19-09-2025 14:38:02
2896,2025-11-14 17:26:12.000,3,RNKL085160925,COMPLETE,R204KDOL,R204KDOL,COMPLETE,17-09-2025 17:59:38,18-09-2025 12:18:10,AAGKDOL,25-05-2025 16:05:56,AAG TO KDOL,NA,1,25-05-2025 16:05:56,Administrator,NA,01-01-1970 05:30:00,Not Approved,NA,1,NA,16-09-2025 10:49:56,19-09-2025 14:38:02
2897,2025-11-14 17:26:13.000,3,RNKL085160925,COMPLETE,R205KDOL,R205KDOL,COMPLETE,18-09-2025 00:08:48,19-09-2025 14:38:01,AAGKDOL,25-05-2025 16:05:56,AAG TO KDOL,NA,1,25-05-2025 16:05:56,Administrator,NA,01-01-1970 05:30:00,Not Approved,NA,1,NA,16-09-2025 10:49:56,19-09-2025 14:38:02
2898,2025-11-14 17:26:18.000,3,RNKL083150925,COMPLETE,R203KDOL,R203KDOL,COMPLETE,15-09-2025 08:40:38,16-09-2025 10:29:48,AAGKDOL,25-05-2025 16:05:56,AAG TO KDOL,NA,1,25-05-2025 16:05:56,Administrator,NA,01-01-1970 05:30:00,Not Approved,NA,1,NA,15-09-2025 08:17:32,18-09-2025 00:03:59
2899,2025-11-14 17:26:22.000,3,RNKL083150925,COMPLETE,R204KDOL,R204KDOL,COMPLETE,16-09-2025 09:48:18,17-09-2025 05:08:34,AAGKDOL,25-05-2025 16:05:56,AAG TO KDOL,NA,1,25-05-2025 16:05:56,Administrator,NA,01-01-1970 05:30:00,Not Approved,NA,1,NA,15-09-2025 08:17:32,18-09-2025 00:03:59
2900,2025-11-14 17:26:23.000,3,RNKL083150925,COMPLETE,R205KDOL,R205KDOL,COMPLETE,16-09-2025 18:04:47,18-09-2025 00:03:58,AAGKDOL,25-05-2025 16:05:56,AAG TO KDOL,NA,1,25-05-2025 16:05:56,Administrator,NA,01-01-1970 05:30:00,Not Approved,NA,1,NA,15-09-2025 08:17:32,18-09-2025 00:03:59
2901,2025-11-14 17:26:28.000,3,RNKL081130925,COMPLETE,R203KDOL,R203KDOL,COMPLETE,13-09-2025 17:09:55,15-09-2025 05:49:04,AAGKDOL,25-05-2025 16:05:56,AAG TO KDOL,NA,1,25-05-2025 16:05:56,Administrator,NA,01-01-1970 05:30:00,Not Approved,NA,1,NA,13-09-2025 17:09:47,16-09-2025 18:02:41
2902,2025-11-14 17:26:32.000,3,RNKL081130925,COMPLETE,R204KDOL,R204KDOL,COMPLETE,15-09-2025 05:16:42,15-09-2025 23:24:25,AAGKDOL,25-05-2025 16:05:56,AAG TO KDOL,NA,1,25-05-2025 16:05:56,Administrator,NA,01-01-1970 05:30:00,Not Approved,NA,1,NA,13-09-2025 17:09:47,16-09-2025 18:02:41
2903,2025-11-14 17:26:33.000,3,RNKL081130925,COMPLETE,R205KDOL,R205KDOL,COMPLETE,15-09-2025 14:56:41,16-09-2025 18:02:40,AAGKDOL,25-05-2025 16:05:56,AAG TO KDOL,NA,1,25-05-2025 16:05:56,Administrator,NA,01-01-1970 05:30:00,Not Approved,NA,1,NA,13-09-2025 17:09:47,16-09-2025 18:02:41
2904,2025-11-14 17:26:38.000,3,RNKL07510925,COMPLETE,R203KDOL,R203KDOL,COMPLETE,10-09-2025 20:01:20,10-09-2025 20:02:04,AAGKDOL,25-05-2025 16:05:56,AAG TO KDOL,NA,1,25-05-2025 16:05:56,Administrator,NA,01-01-1970 05:30:00,Not Approved,NA,1,NA,10-09-2025 20:00:59,13-11-2025 10:29:15
2905,2025-11-14 17:26:42.000,3,RNKL07510925,COMPLETE,R204KDOL,R204KDOL,COMPLETE,13-11-2025 10:29:01,13-11-2025 10:29:15,AAGKDOL,25-05-2025 16:05:56,AAG TO KDOL,NA,1,25-05-2025 16:05:56,Administrator,NA,01-01-1970 05:30:00,Not Approved,NA,1,NA,10-09-2025 20:00:59,13-11-2025 10:29:15
2906,2025-11-14 17:26:42.000,3,RNKL07510925,COMPLETE,R205KDOL,R205KDOL,COMPLETE,13-11-2025 10:29:05,13-11-2025 10:29:14,AAGKDOL,25-05-2025 16:05:56,AAG TO KDOL,NA,1,25-05-2025 16:05:56,Administrator,NA,01-01-1970 05:30:00,Not Approved,NA,1,NA,10-09-2025 20:00:59,13-11-2025 10:29:15
2907,2025-11-14 17:26:46.000,3,RNKL074090925,COMPLETE,R203KDOL,R203KDOL,COMPLETE,09-09-2025 20:10:01,10-09-2025 20:01:17,AAGKDOL,25-05-2025 16:05:56,AAG TO KDOL,NA,1,25-05-2025 16:05:56,Administrator,NA,01-01-1970 05:30:00,Not Approved,NA,1,NA,09-09-2025 20:09:53,13-09-2025 10:04:31
2908,2025-11-14 17:26:51.000,3,RNKL074090925,COMPLETE,R204KDOL,R204KDOL,COMPLETE,10-09-2025 19:19:14,11-09-2025 20:58:07,AAGKDOL,25-05-2025 16:05:56,AAG TO KDOL,NA,1,25-05-2025 16:05:56,Administrator,NA,01-01-1970 05:30:00,Not Approved,NA,1,NA,09-09-2025 20:09:53,13-09-2025 10:04:31
2909,2025-11-14 17:26:51.000,3,RNKL074090925,COMPLETE,R205KDOL,R205KDOL,COMPLETE,11-09-2025 18:20:23,13-09-2025 10:04:30,AAGKDOL,25-05-2025 16:05:56,AAG TO KDOL,NA,1,25-05-2025 16:05:56,Administrator,NA,01-01-1970 05:30:00,Not Approved,NA,1,NA,09-09-2025 20:09:53,13-09-2025 10:04:31
2910,2025-11-14 17:26:55.000,3,RNKL072080925,COMPLETE,R203KDOL,R203KDOL,COMPLETE,08-09-2025 23:40:37,09-09-2025 20:08:16,AAGKDOL,25-05-2025 16:05:56,AAG TO KDOL,NA,1,25-05-2025 16:05:56,Administrator,NA,01-01-1970 05:30:00,Not Approved,NA,1,NA,08-09-2025 23:03:31,11-09-2025 18:20:11
2911,2025-11-14 17:26:59.000,3,RNKL072080925,COMPLETE,R204KDOL,R204KDOL,COMPLETE,09-09-2025 19:21:32,10-09-2025 19:17:07,AAGKDOL,25-05-2025 16:05:56,AAG TO KDOL,NA,1,25-05-2025 16:05:56,Administrator,NA,01-01-1970 05:30:00,Not Approved,NA,1,NA,08-09-2025 23:03:31,11-09-2025 18:20:11
2912,2025-11-14 17:27:00.000,3,RNKL072080925,COMPLETE,R205KDOL,R205KDOL,COMPLETE,10-09-2025 13:29:26,11-09-2025 18:20:10,AAGKDOL,25-05-2025 16:05:56,AAG TO KDOL,NA,1,25-05-2025 16:05:56,Administrator,NA,01-01-1970 05:30:00,Not Approved,NA,1,NA,08-09-2025 23:03:31,11-09-2025 18:20:11
2913,2025-11-14 17:27:04.000,3,RNKL070080925,COMPLETE,R203KDOL,R203KDOL,COMPLETE,08-09-2025 00:27:39,08-09-2025 21:50:01,AAGKDOL,25-05-2025 16:05:56,AAG TO KDOL,NA,1,25-05-2025 16:05:56,Administrator,NA,01-01-1970 05:30:00,Not Approved,NA,1,NA,08-09-2025 00:27:35,10-09-2025 13:28:44
2914,2025-11-14 17:27:08.000,3,RNKL070080925,COMPLETE,R204KDOL,R204KDOL,COMPLETE,08-09-2025 21:26:12,09-09-2025 19:18:58,AAGKDOL,25-05-2025 16:05:56,AAG TO KDOL,NA,1,25-05-2025 16:05:56,Administrator,NA,01-01-1970 05:30:00,Not Approved,NA,1,NA,08-09-2025 00:27:35,10-09-2025 13:28:44
2915,2025-11-14 17:27:09.000,3,RNKL070080925,COMPLETE,R205KDOL,R205KDOL,COMPLETE,09-09-2025 15:47:05,10-09-2025 13:28:43,AAGKDOL,25-05-2025 16:05:56,AAG TO KDOL,NA,1,25-05-2025 16:05:56,Administrator,NA,01-01-1970 05:30:00,Not Approved,NA,1,NA,08-09-2025 00:27:35,10-09-2025 13:28:44
2916,2025-11-14 17:27:14.000,3,RNKL068060925,COMPLETE,R203KDOL,R203KDOL,COMPLETE,06-09-2025 17:22:16,07-09-2025 18:39:41,AAGKDOL,25-05-2025 16:05:56,AAG TO KDOL,NA,1,25-05-2025 16:05:56,Administrator,NA,01-01-1970 05:30:00,Not Approved,NA,1,NA,06-09-2025 17:21:25,09-09-2025 12:09:42
2917,2025-11-14 17:27:18.000,3,RNKL068060925,COMPLETE,R204KDOL,R204KDOL,COMPLETE,07-09-2025 18:17:42,08-09-2025 17:08:44,AAGKDOL,25-05-2025 16:05:56,AAG TO KDOL,NA,1,25-05-2025 16:05:56,Administrator,NA,01-01-1970 05:30:00,Not Approved,NA,1,NA,06-09-2025 17:21:25,09-09-2025 12:09:42
2918,2025-11-14 17:27:19.000,3,RNKL068060925,COMPLETE,R205KDOL,R205KDOL,COMPLETE,08-09-2025 13:27:04,09-09-2025 12:09:41,AAGKDOL,25-05-2025 16:05:56,AAG TO KDOL,NA,1,25-05-2025 16:05:56,Administrator,NA,01-01-1970 05:30:00,Not Approved,NA,1,NA,06-09-2025 17:21:25,09-09-2025 12:09:42
2919,2025-11-14 17:27:22.000,3,RNKL061310825,COMPLETE,R203KDOL,R203KDOL,COMPLETE,13-11-2025 10:29:27,13-11-2025 10:29:39,AAGKDOL,25-05-2025 16:05:56,AAG TO KDOL,NA,1,25-05-2025 16:05:56,Administrator,NA,01-01-1970 05:30:00,Not Approved,NA,1,NA,05-09-2025 08:02:17,13-11-2025 10:29:40
2920,2025-11-14 17:27:25.000,3,RNKL061310825,COMPLETE,R204KDOL,R204KDOL,COMPLETE,05-09-2025 08:02:24,05-09-2025 13:32:01,AAGKDOL,25-05-2025 16:05:56,AAG TO KDOL,NA,1,25-05-2025 16:05:56,Administrator,NA,01-01-1970 05:30:00,Not Approved,NA,1,NA,05-09-2025 08:02:17,13-11-2025 10:29:40
2921,2025-11-14 17:27:26.000,3,RNKL061310825,COMPLETE,R205KDOL,R205KDOL,COMPLETE,05-09-2025 10:51:34,05-09-2025 13:33:36,AAGKDOL,25-05-2025 16:05:56,AAG TO KDOL,NA,1,25-05-2025 16:05:56,Administrator,NA,01-01-1970 05:30:00,Not Approved,NA,1,NA,05-09-2025 08:02:17,13-11-2025 10:29:40
2922,2025-11-14 17:27:29.000,3,RNKL06404092025,COMPLETE,R203KDOL,R203KDOL,COMPLETE,04-09-2025 23:09:39,05-09-2025 19:06:38,AAGKDOL,25-05-2025 16:05:56,AAG TO KDOL,NA,1,25-05-2025 16:05:56,Administrator,NA,01-01-1970 05:30:00,Not Approved,NA,1,NA,04-09-2025 23:09:31,13-11-2025 10:29:48
2923,2025-11-14 17:27:33.000,3,RNKL06404092025,COMPLETE,R204KDOL,R204KDOL,COMPLETE,05-09-2025 18:25:09,06-09-2025 16:38:59,AAGKDOL,25-05-2025 16:05:56,AAG TO KDOL,NA,1,25-05-2025 16:05:56,Administrator,NA,01-01-1970 05:30:00,Not Approved,NA,1,NA,04-09-2025 23:09:31,13-11-2025 10:29:48
2924,2025-11-14 17:27:33.000,3,RNKL06404092025,COMPLETE,R205KDOL,R205KDOL,COMPLETE,13-11-2025 10:29:42,13-11-2025 10:29:47,AAGKDOL,25-05-2025 16:05:56,AAG TO KDOL,NA,1,25-05-2025 16:05:56,Administrator,NA,01-01-1970 05:30:00,Not Approved,NA,1,NA,04-09-2025 23:09:31,13-11-2025 10:29:48
2925,2025-11-14 17:27:37.000,3,RNKL065040925,COMPLETE,R203KDOL,R203KDOL,COMPLETE,04-09-2025 22:12:23,04-09-2025 22:23:40,AAGKDOL,25-05-2025 16:05:56,AAG TO KDOL,NA,1,25-05-2025 16:05:56,Administrator,NA,01-01-1970 05:30:00,Not Approved,NA,1,NA,04-09-2025 22:12:17,13-11-2025 10:30:22
2926,2025-11-14 17:27:41.000,3,RNKL065040925,COMPLETE,R204KDOL,R204KDOL,COMPLETE,13-11-2025 10:30:01,13-11-2025 10:30:21,AAGKDOL,25-05-2025 16:05:56,AAG TO KDOL,NA,1,25-05-2025 16:05:56,Administrator,NA,01-01-1970 05:30:00,Not Approved,NA,1,NA,04-09-2025 22:12:17,13-11-2025 10:30:22
2927,2025-11-14 17:27:41.000,3,RNKL065040925,COMPLETE,R205KDOL,R205KDOL,COMPLETE,13-11-2025 10:30:08,13-11-2025 10:30:20,AAGKDOL,25-05-2025 16:05:56,AAG TO KDOL,NA,1,25-05-2025 16:05:56,Administrator,NA,01-01-1970 05:30:00,Not Approved,NA,1,NA,04-09-2025 22:12:17,13-11-2025 10:30:22
2928,2025-11-14 17:27:44.000,3,RNKL064040925,COMPLETE,R203KDOL,R203KDOL,COMPLETE,04-09-2025 20:55:55,04-09-2025 22:09:24,AAGKDOL,25-05-2025 16:05:56,AAG TO KDOL,NA,1,25-05-2025 16:05:56,Administrator,NA,01-01-1970 05:30:00,Not Approved,NA,1,NA,04-09-2025 20:55:24,13-11-2025 10:31:06
2929,2025-11-14 17:27:48.000,3,RNKL064040925,COMPLETE,R204KDOL,R204KDOL,COMPLETE,13-11-2025 10:30:52,13-11-2025 10:31:05,AAGKDOL,25-05-2025 16:05:56,AAG TO KDOL,NA,1,25-05-2025 16:05:56,Administrator,NA,01-01-1970 05:30:00,Not Approved,NA,1,NA,04-09-2025 20:55:24,13-11-2025 10:31:06
2930,2025-11-14 17:27:49.000,3,RNKL064040925,COMPLETE,R205KDOL,R205KDOL,COMPLETE,06-09-2025 14:04:42,07-09-2025 13:23:54,AAGKDOL,25-05-2025 16:05:56,AAG TO KDOL,NA,1,25-05-2025 16:05:56,Administrator,NA,01-01-1970 05:30:00,Not Approved,NA,1,NA,04-09-2025 20:55:24,13-11-2025 10:31:06
2931,2025-11-14 17:28:08.000,3,RNKL050210825,COMPLETE,R203KDOL,R203KDOL,COMPLETE,21-08-2025 23:43:03,22-08-2025 22:05:11,AAGKDOL,25-05-2025 16:05:56,AAG TO KDOL,NA,1,25-05-2025 16:05:56,Administrator,NA,01-01-1970 05:30:00,Not Approved,NA,1,NA,21-08-2025 23:41:55,24-08-2025 20:02:49
2932,2025-11-14 17:28:13.000,3,RNKL050210825,COMPLETE,R204KDOL,R204KDOL,COMPLETE,22-08-2025 21:31:23,23-08-2025 19:34:01,AAGKDOL,25-05-2025 16:05:56,AAG TO KDOL,NA,1,25-05-2025 16:05:56,Administrator,NA,01-01-1970 05:30:00,Not Approved,NA,1,NA,21-08-2025 23:41:55,24-08-2025 20:02:49
2933,2025-11-14 17:28:13.000,3,RNKL050210825,COMPLETE,R205KDOL,R205KDOL,COMPLETE,23-08-2025 15:09:33,24-08-2025 20:02:48,AAGKDOL,25-05-2025 16:05:56,AAG TO KDOL,NA,1,25-05-2025 16:05:56,Administrator,NA,01-01-1970 05:30:00,Not Approved,NA,1,NA,21-08-2025 23:41:55,24-08-2025 20:02:49
2934,2025-11-14 17:28:19.000,3,RNKL048200825,COMPLETE,R203KDOL,R203KDOL,COMPLETE,20-08-2025 20:47:03,21-08-2025 20:49:44,AAGKDOL,25-05-2025 16:05:56,AAG TO KDOL,NA,1,25-05-2025 16:05:56,Administrator,NA,01-01-1970 05:30:00,Not Approved,NA,1,NA,20-08-2025 20:46:51,23-08-2025 14:50:21
2935,2025-11-14 17:28:23.000,3,RNKL048200825,COMPLETE,R204KDOL,R204KDOL,COMPLETE,21-08-2025 19:44:24,22-08-2025 21:25:21,AAGKDOL,25-05-2025 16:05:56,AAG TO KDOL,NA,1,25-05-2025 16:05:56,Administrator,NA,01-01-1970 05:30:00,Not Approved,NA,1,NA,20-08-2025 20:46:51,23-08-2025 14:50:21
2936,2025-11-14 17:28:23.000,3,RNKL048200825,COMPLETE,R205KDOL,R205KDOL,COMPLETE,22-08-2025 11:37:02,23-08-2025 14:50:20,AAGKDOL,25-05-2025 16:05:56,AAG TO KDOL,NA,1,25-05-2025 16:05:56,Administrator,NA,01-01-1970 05:30:00,Not Approved,NA,1,NA,20-08-2025 20:46:51,23-08-2025 14:50:21
2937,2025-11-14 17:28:29.000,3,RNKL044180825,COMPLETE,R203KDOL,R203KDOL,COMPLETE,18-08-2025 15:36:54,19-08-2025 13:35:30,AAGKDOL,25-05-2025 16:05:56,AAG TO KDOL,NA,1,25-05-2025 16:05:56,Administrator,NA,01-01-1970 05:30:00,Not Approved,NA,1,NA,18-08-2025 15:36:50,21-08-2025 07:07:37
2938,2025-11-14 17:28:34.000,3,RNKL044180825,COMPLETE,R204KDOL,R204KDOL,COMPLETE,19-08-2025 13:37:26,20-08-2025 08:52:48,AAGKDOL,25-05-2025 16:05:56,AAG TO KDOL,NA,1,25-05-2025 16:05:56,Administrator,NA,01-01-1970 05:30:00,Not Approved,NA,1,NA,18-08-2025 15:36:50,21-08-2025 07:07:37
2939,2025-11-14 17:28:35.000,3,RNKL044180825,COMPLETE,R205KDOL,R205KDOL,COMPLETE,20-08-2025 05:26:37,21-08-2025 07:07:36,AAGKDOL,25-05-2025 16:05:56,AAG TO KDOL,NA,1,25-05-2025 16:05:56,Administrator,NA,01-01-1970 05:30:00,Not Approved,NA,1,NA,18-08-2025 15:36:50,21-08-2025 07:07:37
2940,2025-11-14 17:28:41.000,3,RNKL041160825,COMPLETE,R203KDOL,R203KDOL,COMPLETE,16-08-2025 19:47:16,17-08-2025 16:39:33,AAGKDOL,25-05-2025 16:05:56,AAG TO KDOL,NA,1,25-05-2025 16:05:56,Administrator,NA,01-01-1970 05:30:00,Not Approved,NA,1,NA,16-08-2025 19:46:37,19-08-2025 06:08:51
2941,2025-11-14 17:28:45.000,3,RNKL041160825,COMPLETE,R204KDOL,R204KDOL,COMPLETE,17-08-2025 16:13:05,18-08-2025 13:09:59,AAGKDOL,25-05-2025 16:05:56,AAG TO KDOL,NA,1,25-05-2025 16:05:56,Administrator,NA,01-01-1970 05:30:00,Not Approved,NA,1,NA,16-08-2025 19:46:37,19-08-2025 06:08:51
2942,2025-11-14 17:28:46.000,3,RNKL041160825,COMPLETE,R205KDOL,R205KDOL,COMPLETE,18-08-2025 09:04:14,19-08-2025 06:08:50,AAGKDOL,25-05-2025 16:05:56,AAG TO KDOL,NA,1,25-05-2025 16:05:56,Administrator,NA,01-01-1970 05:30:00,Not Approved,NA,1,NA,16-08-2025 19:46:37,19-08-2025 06:08:51
2943,2025-11-14 17:28:50.000,3,RNKL039150825,COMPLETE,R203KDOL,R203KDOL,COMPLETE,15-08-2025 20:00:35,16-08-2025 19:08:13,AAGKDOL,25-05-2025 16:05:56,AAG TO KDOL,NA,1,25-05-2025 16:05:56,Administrator,NA,01-01-1970 05:30:00,Not Approved,NA,1,NA,15-08-2025 20:00:17,18-08-2025 09:03:49
2944,2025-11-14 17:28:55.000,3,RNKL039150825,COMPLETE,R204KDOL,R204KDOL,COMPLETE,16-08-2025 18:40:19,17-08-2025 16:12:32,AAGKDOL,25-05-2025 16:05:56,AAG TO KDOL,NA,1,25-05-2025 16:05:56,Administrator,NA,01-01-1970 05:30:00,Not Approved,NA,1,NA,15-08-2025 20:00:17,18-08-2025 09:03:49
2945,2025-11-14 17:28:56.000,3,RNKL039150825,COMPLETE,R205KDOL,R205KDOL,COMPLETE,17-08-2025 12:56:39,18-08-2025 09:03:48,AAGKDOL,25-05-2025 16:05:56,AAG TO KDOL,NA,1,25-05-2025 16:05:56,Administrator,NA,01-01-1970 05:30:00,Not Approved,NA,1,NA,15-08-2025 20:00:17,18-08-2025 09:03:49
2946,2025-11-14 17:29:01.000,3,RNKL035130825,COMPLETE,R203KDOL,R203KDOL,COMPLETE,13-08-2025 19:30:39,14-08-2025 18:18:57,AAGKDOL,25-05-2025 16:05:56,AAG TO KDOL,NA,1,25-05-2025 16:05:56,Administrator,NA,01-01-1970 05:30:00,Not Approved,NA,1,NA,13-08-2025 18:51:08,16-08-2025 14:48:57
2947,2025-11-14 17:29:05.000,3,RNKL035130825,COMPLETE,R204KDOL,R204KDOL,COMPLETE,14-08-2025 16:54:58,15-08-2025 16:44:59,AAGKDOL,25-05-2025 16:05:56,AAG TO KDOL,NA,1,25-05-2025 16:05:56,Administrator,NA,01-01-1970 05:30:00,Not Approved,NA,1,NA,13-08-2025 18:51:08,16-08-2025 14:48:57
2948,2025-11-14 17:29:06.000,3,RNKL035130825,COMPLETE,R205KDOL,R205KDOL,COMPLETE,15-08-2025 15:03:39,16-08-2025 14:48:56,AAGKDOL,25-05-2025 16:05:56,AAG TO KDOL,NA,1,25-05-2025 16:05:56,Administrator,NA,01-01-1970 05:30:00,Not Approved,NA,1,NA,13-08-2025 18:51:08,16-08-2025 14:48:57
2949,2025-11-14 17:29:10.000,3,RNKL032120825,COMPLETE,R203KDOL,R203KDOL,COMPLETE,12-08-2025 16:30:46,13-08-2025 14:05:52,AAGKDOL,25-05-2025 16:05:56,AAG TO KDOL,NA,1,25-05-2025 16:05:56,Administrator,NA,01-01-1970 05:30:00,Not Approved,NA,1,NA,12-08-2025 16:30:41,15-08-2025 13:34:00
2950,2025-11-14 17:29:14.000,3,RNKL032120825,COMPLETE,R204KDOL,R204KDOL,COMPLETE,13-08-2025 13:46:05,14-08-2025 15:15:03,AAGKDOL,25-05-2025 16:05:56,AAG TO KDOL,NA,1,25-05-2025 16:05:56,Administrator,NA,01-01-1970 05:30:00,Not Approved,NA,1,NA,12-08-2025 16:30:41,15-08-2025 13:34:00
2951,2025-11-14 17:29:15.000,3,RNKL032120825,COMPLETE,R205KDOL,R205KDOL,COMPLETE,14-08-2025 11:51:56,15-08-2025 13:33:59,AAGKDOL,25-05-2025 16:05:56,AAG TO KDOL,NA,1,25-05-2025 16:05:56,Administrator,NA,01-01-1970 05:30:00,Not Approved,NA,1,NA,12-08-2025 16:30:41,15-08-2025 13:34:00
2952,2025-11-14 17:29:21.000,3,RNKL031110825,COMPLETE,R203KDOL,R203KDOL,COMPLETE,11-08-2025 11:39:21,12-08-2025 15:44:35,AAGKDOL,25-05-2025 16:05:56,AAG TO KDOL,NA,1,25-05-2025 16:05:56,Administrator,NA,01-01-1970 05:30:00,Not Approved,NA,1,NA,11-08-2025 11:35:46,14-08-2025 11:39:55
2953,2025-11-14 17:29:26.000,3,RNKL031110825,COMPLETE,R204KDOL,R204KDOL,COMPLETE,12-08-2025 14:38:15,13-08-2025 12:46:05,AAGKDOL,25-05-2025 16:05:56,AAG TO KDOL,NA,1,25-05-2025 16:05:56,Administrator,NA,01-01-1970 05:30:00,Not Approved,NA,1,NA,11-08-2025 11:35:46,14-08-2025 11:39:55
2954,2025-11-14 17:29:26.000,3,RNKL031110825,COMPLETE,R205KDOL,R205KDOL,COMPLETE,13-08-2025 10:03:18,14-08-2025 11:39:54,AAGKDOL,25-05-2025 16:05:56,AAG TO KDOL,NA,1,25-05-2025 16:05:56,Administrator,NA,01-01-1970 05:30:00,Not Approved,NA,1,NA,11-08-2025 11:35:46,14-08-2025 11:39:55
2955,2025-11-14 17:29:35.000,3,RNKL024080825,COMPLETE,R203KDOL,R203KDOL,COMPLETE,13-11-2025 10:31:15,13-11-2025 10:31:26,AAGKDOL,25-05-2025 16:05:56,AAG TO KDOL,NA,1,25-05-2025 16:05:56,Administrator,NA,01-01-1970 05:30:00,Not Approved,NA,1,NA,09-08-2025 08:52:17,13-11-2025 10:31:27
2956,2025-11-14 17:29:39.000,3,RNKL024080825,COMPLETE,R204KDOL,R204KDOL,COMPLETE,09-08-2025 08:53:45,10-08-2025 05:09:15,AAGKDOL,25-05-2025 16:05:56,AAG TO KDOL,NA,1,25-05-2025 16:05:56,Administrator,NA,01-01-1970 05:30:00,Not Approved,NA,1,NA,09-08-2025 08:52:17,13-11-2025 10:31:27
2957,2025-11-14 17:29:39.000,3,RNKL024080825,COMPLETE,R205KDOL,R205KDOL,COMPLETE,09-08-2025 21:44:50,11-08-2025 02:44:47,AAGKDOL,25-05-2025 16:05:56,AAG TO KDOL,NA,1,25-05-2025 16:05:56,Administrator,NA,01-01-1970 05:30:00,Not Approved,NA,1,NA,09-08-2025 08:52:17,13-11-2025 10:31:27
2958,2025-11-14 17:29:42.000,3,RNKL023070825,COMPLETE,R203KDOL,R203KDOL,COMPLETE,13-11-2025 10:31:43,13-11-2025 10:31:58,AAGKDOL,25-05-2025 16:05:56,AAG TO KDOL,NA,1,25-05-2025 16:05:56,Administrator,NA,01-01-1970 05:30:00,Not Approved,NA,1,NA,09-08-2025 08:48:12,13-11-2025 10:32:02
2959,2025-11-14 17:29:46.000,3,RNKL023070825,COMPLETE,R204KDOL,R204KDOL,COMPLETE,13-11-2025 10:31:45,13-11-2025 10:32:01,AAGKDOL,25-05-2025 16:05:56,AAG TO KDOL,NA,1,25-05-2025 16:05:56,Administrator,NA,01-01-1970 05:30:00,Not Approved,NA,1,NA,09-08-2025 08:48:12,13-11-2025 10:32:02
2960,2025-11-14 17:29:47.000,3,RNKL023070825,COMPLETE,R205KDOL,R205KDOL,COMPLETE,09-08-2025 08:48:26,09-08-2025 20:30:07,AAGKDOL,25-05-2025 16:05:56,AAG TO KDOL,NA,1,25-05-2025 16:05:56,Administrator,NA,01-01-1970 05:30:00,Not Approved,NA,1,NA,09-08-2025 08:48:12,13-11-2025 10:32:02
2961,2025-11-14 17:30:04.000,3,RNKL015270725,COMPLETE,R203KDOL,R203KDOL,COMPLETE,27-07-2025 18:52:57,28-07-2025 14:04:42,AAGKDOL,25-05-2025 16:05:56,AAG TO KDOL,NA,1,25-05-2025 16:05:56,Administrator,NA,01-01-1970 05:30:00,Not Approved,NA,1,NA,27-07-2025 18:52:53,31-07-2025 15:54:36
2962,2025-11-14 17:30:08.000,3,RNKL015270725,COMPLETE,R204KDOL,R204KDOL,COMPLETE,28-07-2025 13:38:38,30-07-2025 06:45:53,AAGKDOL,25-05-2025 16:05:56,AAG TO KDOL,NA,1,25-05-2025 16:05:56,Administrator,NA,01-01-1970 05:30:00,Not Approved,NA,1,NA,27-07-2025 18:52:53,31-07-2025 15:54:36
2963,2025-11-14 17:30:09.000,3,RNKL015270725,COMPLETE,R205KDOL,R205KDOL,COMPLETE,30-07-2025 03:53:09,31-07-2025 15:54:35,AAGKDOL,25-05-2025 16:05:56,AAG TO KDOL,NA,1,25-05-2025 16:05:56,Administrator,NA,01-01-1970 05:30:00,Not Approved,NA,1,NA,27-07-2025 18:52:53,31-07-2025 15:54:36
2964,2025-11-14 17:30:12.000,3,RNKL014260725,COMPLETE,R203KDOL,R203KDOL,COMPLETE,26-07-2025 18:05:12,27-07-2025 18:05:48,AAGKDOL,25-05-2025 16:05:56,AAG TO KDOL,NA,1,25-05-2025 16:05:56,Administrator,NA,01-01-1970 05:30:00,Not Approved,NA,1,NA,26-07-2025 18:05:04,30-07-2025 03:52:15
2965,2025-11-14 17:30:17.000,3,RNKL014260725,COMPLETE,R204KDOL,R204KDOL,COMPLETE,27-07-2025 17:27:18,28-07-2025 11:38:28,AAGKDOL,25-05-2025 16:05:56,AAG TO KDOL,NA,1,25-05-2025 16:05:56,Administrator,NA,01-01-1970 05:30:00,Not Approved,NA,1,NA,26-07-2025 18:05:04,30-07-2025 03:52:15
2966,2025-11-14 17:30:17.000,3,RNKL014260725,COMPLETE,R205KDOL,R205KDOL,COMPLETE,28-07-2025 04:37:15,30-07-2025 03:52:15,AAGKDOL,25-05-2025 16:05:56,AAG TO KDOL,NA,1,25-05-2025 16:05:56,Administrator,NA,01-01-1970 05:30:00,Not Approved,NA,1,NA,26-07-2025 18:05:04,30-07-2025 03:52:15
2967,2025-11-14 17:30:23.000,3,RNKL013240725,COMPLETE,R203KDOL,R203KDOL,COMPLETE,24-07-2025 19:10:00,26-07-2025 03:25:06,AAGKDOL,25-05-2025 16:05:56,AAG TO KDOL,NA,1,25-05-2025 16:05:56,Administrator,NA,01-01-1970 05:30:00,Not Approved,NA,1,NA,24-07-2025 19:09:47,28-07-2025 04:36:11
2968,2025-11-14 17:30:27.000,3,RNKL013240725,COMPLETE,R204KDOL,R204KDOL,COMPLETE,26-07-2025 02:56:36,27-07-2025 02:21:16,AAGKDOL,25-05-2025 16:05:56,AAG TO KDOL,NA,1,25-05-2025 16:05:56,Administrator,NA,01-01-1970 05:30:00,Not Approved,NA,1,NA,24-07-2025 19:09:47,28-07-2025 04:36:11
2969,2025-11-14 17:30:28.000,3,RNKL013240725,COMPLETE,R205KDOL,R205KDOL,COMPLETE,26-07-2025 17:36:34,28-07-2025 04:36:10,AAGKDOL,25-05-2025 16:05:56,AAG TO KDOL,NA,1,25-05-2025 16:05:56,Administrator,NA,01-01-1970 05:30:00,Not Approved,NA,1,NA,24-07-2025 19:09:47,28-07-2025 04:36:11
2970,2025-11-14 17:30:31.000,3,RNKL012230725,COMPLETE,R203KDOL,R203KDOL,COMPLETE,23-07-2025 12:27:16,24-07-2025 15:31:48,AAGKDOL,25-05-2025 16:05:56,AAG TO KDOL,NA,1,25-05-2025 16:05:56,Administrator,NA,01-01-1970 05:30:00,Not Approved,NA,1,NA,23-07-2025 12:27:00,26-07-2025 12:39:42
2971,2025-11-14 17:30:35.000,3,RNKL012230725,COMPLETE,R204KDOL,R204KDOL,COMPLETE,24-07-2025 14:41:46,25-07-2025 16:23:55,AAGKDOL,25-05-2025 16:05:56,AAG TO KDOL,NA,1,25-05-2025 16:05:56,Administrator,NA,01-01-1970 05:30:00,Not Approved,NA,1,NA,23-07-2025 12:27:00,26-07-2025 12:39:42
2972,2025-11-14 17:30:36.000,3,RNKL012230725,COMPLETE,R205KDOL,R205KDOL,COMPLETE,25-07-2025 12:42:11,26-07-2025 12:39:41,AAGKDOL,25-05-2025 16:05:56,AAG TO KDOL,NA,1,25-05-2025 16:05:56,Administrator,NA,01-01-1970 05:30:00,Not Approved,NA,1,NA,23-07-2025 12:27:00,26-07-2025 12:39:42
2973,2025-11-14 17:30:47.000,3,RNKL009170725,COMPLETE,R203KDOL,R203KDOL,COMPLETE,17-07-2025 10:53:30,19-07-2025 00:29:44,AAGKDOL,25-05-2025 16:05:56,AAG TO KDOL,NA,1,25-05-2025 16:05:56,Administrator,NA,01-01-1970 05:30:00,Not Approved,NA,1,NA,17-07-2025 09:40:36,20-07-2025 22:59:53
2974,2025-11-14 17:30:52.000,3,RNKL009170725,COMPLETE,R204KDOL,R204KDOL,COMPLETE,18-07-2025 09:15:41,19-07-2025 16:38:05,AAGKDOL,25-05-2025 16:05:56,AAG TO KDOL,NA,1,25-05-2025 16:05:56,Administrator,NA,01-01-1970 05:30:00,Not Approved,NA,1,NA,17-07-2025 09:40:36,20-07-2025 22:59:53
2975,2025-11-14 17:30:52.000,3,RNKL009170725,COMPLETE,R205KDOL,R205KDOL,COMPLETE,19-07-2025 12:56:49,20-07-2025 22:59:52,AAGKDOL,25-05-2025 16:05:56,AAG TO KDOL,NA,1,25-05-2025 16:05:56,Administrator,NA,01-01-1970 05:30:00,Not Approved,NA,1,NA,17-07-2025 09:40:36,20-07-2025 22:59:53
2976,2025-11-14 17:30:55.000,3,RNBCA044160725,COMPLETE,REC202,REC202,COMPLETE,16-07-2025 11:46:12,18-07-2025 22:29:53,REC202,28-12-2024 15:45:38,REC202 BDA HYDROGENATION,NA,1,28-12-2024 15:45:38,Administrator,NA,01-01-1970 05:30:00,Not Approved,NA,1,NA,16-07-2025 11:45:53,18-07-2025 22:29:54
2977,2025-11-14 17:30:59.000,3,RNKL008160725,COMPLETE,R203KDOL,R203KDOL,COMPLETE,16-07-2025 02:13:06,17-07-2025 07:42:39,AAGKDOL,25-05-2025 16:05:56,AAG TO KDOL,NA,1,25-05-2025 16:05:56,Administrator,NA,01-01-1970 05:30:00,Not Approved,NA,1,NA,16-07-2025 01:10:03,19-07-2025 12:56:35
2978,2025-11-14 17:31:04.000,3,RNKL008160725,COMPLETE,R204KDOL,R204KDOL,COMPLETE,17-07-2025 06:20:05,18-07-2025 05:21:07,AAGKDOL,25-05-2025 16:05:56,AAG TO KDOL,NA,1,25-05-2025 16:05:56,Administrator,NA,01-01-1970 05:30:00,Not Approved,NA,1,NA,16-07-2025 01:10:03,19-07-2025 12:56:35
2979,2025-11-14 17:31:04.000,3,RNKL008160725,COMPLETE,R205KDOL,R205KDOL,COMPLETE,18-07-2025 02:38:44,19-07-2025 12:56:34,AAGKDOL,25-05-2025 16:05:56,AAG TO KDOL,NA,1,25-05-2025 16:05:56,Administrator,NA,01-01-1970 05:30:00,Not Approved,NA,1,NA,16-07-2025 01:10:03,19-07-2025 12:56:35
2980,2025-11-14 17:31:10.000,3,RNKL07140725,COMPLETE,R203KDOL,R203KDOL,COMPLETE,22-10-2025 09:51:01,22-10-2025 09:51:14,AAGKDOL,25-05-2025 16:05:56,AAG TO KDOL,NA,1,25-05-2025 16:05:56,Administrator,NA,01-01-1970 05:30:00,Not Approved,NA,1,NA,14-07-2025 13:23:31,13-11-2025 10:33:03
2981,2025-11-14 17:31:14.000,3,RNKL07140725,COMPLETE,R204KDOL,R204KDOL,COMPLETE,13-11-2025 10:32:50,13-11-2025 10:33:02,AAGKDOL,25-05-2025 16:05:56,AAG TO KDOL,NA,1,25-05-2025 16:05:56,Administrator,NA,01-01-1970 05:30:00,Not Approved,NA,1,NA,14-07-2025 13:23:31,13-11-2025 10:33:03
2982,2025-11-14 17:31:15.000,3,RNKL07140725,COMPLETE,R205KDOL,R205KDOL,COMPLETE,13-11-2025 10:32:53,13-11-2025 10:33:00,AAGKDOL,25-05-2025 16:05:56,AAG TO KDOL,NA,1,25-05-2025 16:05:56,Administrator,NA,01-01-1970 05:30:00,Not Approved,NA,1,NA,14-07-2025 13:23:31,13-11-2025 10:33:03
2983,2025-11-14 17:31:18.000,3,RNKL007140725,COMPLETE,R203KDOL,R203KDOL,COMPLETE,14-07-2025 13:09:16,14-07-2025 13:09:28,AAGKDOL,25-05-2025 16:05:56,AAG TO KDOL,NA,1,25-05-2025 16:05:56,Administrator,NA,01-01-1970 05:30:00,Not Approved,NA,1,NA,14-07-2025 13:08:49,13-11-2025 10:33:26
2984,2025-11-14 17:31:23.000,3,RNKL007140725,COMPLETE,R204KDOL,R204KDOL,COMPLETE,13-11-2025 10:33:10,13-11-2025 10:33:25,AAGKDOL,25-05-2025 16:05:56,AAG TO KDOL,NA,1,25-05-2025 16:05:56,Administrator,NA,01-01-1970 05:30:00,Not Approved,NA,1,NA,14-07-2025 13:08:49,13-11-2025 10:33:26
2985,2025-11-14 17:31:23.000,3,RNKL007140725,COMPLETE,R205KDOL,R205KDOL,COMPLETE,13-11-2025 10:33:13,13-11-2025 10:33:24,AAGKDOL,25-05-2025 16:05:56,AAG TO KDOL,NA,1,25-05-2025 16:05:56,Administrator,NA,01-01-1970 05:30:00,Not Approved,NA,1,NA,14-07-2025 13:08:49,13-11-2025 10:33:26
2986,2025-11-14 17:31:50.000,3,WATERTRIAL170625,COMPLETE,R203KDOL,R203KDOL,COMPLETE,18-06-2025 01:47:28,18-06-2025 15:28:26,AAGKDOL,25-05-2025 16:05:56,AAG TO KDOL,NA,1,25-05-2025 16:05:56,Administrator,NA,01-01-1970 05:30:00,Not Approved,NA,1,NA,17-06-2025 16:44:15,13-11-2025 10:33:39
2987,2025-11-14 17:31:55.000,3,WATERTRIAL170625,COMPLETE,R204KDOL,R204KDOL,COMPLETE,18-06-2025 18:46:36,30-06-2025 11:42:08,AAGKDOL,25-05-2025 16:05:56,AAG TO KDOL,NA,1,25-05-2025 16:05:56,Administrator,NA,01-01-1970 05:30:00,Not Approved,NA,1,NA,17-06-2025 16:44:15,13-11-2025 10:33:39
2988,2025-11-14 17:31:55.000,3,WATERTRIAL170625,COMPLETE,R205KDOL,R205KDOL,COMPLETE,13-11-2025 10:33:34,13-11-2025 10:33:38,AAGKDOL,25-05-2025 16:05:56,AAG TO KDOL,NA,1,25-05-2025 16:05:56,Administrator,NA,01-01-1970 05:30:00,Not Approved,NA,1,NA,17-06-2025 16:44:15,13-11-2025 10:33:39
2989,2025-11-14 17:32:00.000,3,WATERTRIAL070625,COMPLETE,R203KDOL,R203KDOL,COMPLETE,07-06-2025 09:31:18,09-06-2025 12:59:18,AAGKDOL,25-05-2025 16:05:56,AAG TO KDOL,NA,1,25-05-2025 16:05:56,Administrator,NA,01-01-1970 05:30:00,Not Approved,NA,1,NA,07-06-2025 09:24:40,13-11-2025 10:35:43
2990,2025-11-14 17:32:04.000,3,WATERTRIAL070625,COMPLETE,R204KDOL,R204KDOL,COMPLETE,13-11-2025 10:35:20,13-11-2025 10:35:42,AAGKDOL,25-05-2025 16:05:56,AAG TO KDOL,NA,1,25-05-2025 16:05:56,Administrator,NA,01-01-1970 05:30:00,Not Approved,NA,1,NA,07-06-2025 09:24:40,13-11-2025 10:35:43
2991,2025-11-14 17:32:05.000,3,WATERTRIAL070625,COMPLETE,R205KDOL,R205KDOL,COMPLETE,13-11-2025 10:35:30,13-11-2025 10:35:41,AAGKDOL,25-05-2025 16:05:56,AAG TO KDOL,NA,1,25-05-2025 16:05:56,Administrator,NA,01-01-1970 05:30:00,Not Approved,NA,1,NA,07-06-2025 09:24:40,13-11-2025 10:35:43
2992,2025-11-14 17:32:08.000,3,REC-10203-SFC-TR,COMPLETE,R203KDOL,R203KDOL,COMPLETE,06-06-2025 10:38:19,06-06-2025 15:13:24,AAGKDOL,25-05-2025 16:05:56,AAG TO KDOL,NA,1,25-05-2025 16:05:56,Administrator,NA,01-01-1970 05:30:00,Not Approved,NA,1,NA,06-06-2025 10:31:52,06-06-2025 17:08:10
2993,2025-11-14 17:32:12.000,3,REC-10203-SFC-TR,COMPLETE,R204KDOL,R204KDOL,COMPLETE,06-06-2025 15:41:38,06-06-2025 16:14:15,AAGKDOL,25-05-2025 16:05:56,AAG TO KDOL,NA,1,25-05-2025 16:05:56,Administrator,NA,01-01-1970 05:30:00,Not Approved,NA,1,NA,06-06-2025 10:31:52,06-06-2025 17:08:10
2838,2025-11-14 17:20:55.000,3,RNKL170021125,COMPLETE,R203KDOL,R203KDOL,COMPLETE,02-11-2025 16:20:49,09-11-2025 10:05:01,AAGKDOL,25-05-2025 16:05:56,AAG TO KDOL,NA,1,25-05-2025 16:05:56,Administrator,NA,01-01-1970 05:30:00,Not Approved,NA,1,NA,02-11-2025 16:19:38,11-11-2025 06:47:04
2839,2025-11-14 17:20:59.000,3,RNKL170021125,COMPLETE,R204KDOL,R204KDOL,COMPLETE,08-11-2025 21:39:26,09-11-2025 20:53:25,AAGKDOL,25-05-2025 16:05:56,AAG TO KDOL,NA,1,25-05-2025 16:05:56,Administrator,NA,01-01-1970 05:30:00,Not Approved,NA,1,NA,02-11-2025 16:19:38,11-11-2025 06:47:04
2840,2025-11-14 17:21:00.000,3,RNKL170021125,COMPLETE,R205KDOL,R205KDOL,COMPLETE,09-11-2025 16:49:31,11-11-2025 06:47:03,AAGKDOL,25-05-2025 16:05:56,AAG TO KDOL,NA,1,25-05-2025 16:05:56,Administrator,NA,01-01-1970 05:30:00,Not Approved,NA,1,NA,02-11-2025 16:19:38,11-11-2025 06:47:04
2841,2025-11-14 17:21:12.000,3,RNKL168011125,COMPLETE,R203KDOL,R203KDOL,COMPLETE,01-11-2025 12:44:33,02-11-2025 09:22:48,AAGKDOL,25-05-2025 16:05:56,AAG TO KDOL,NA,1,25-05-2025 16:05:56,Administrator,NA,01-01-1970 05:30:00,Not Approved,NA,1,NA,01-11-2025 12:43:34,09-11-2025 16:48:08
2842,2025-11-14 17:21:15.000,3,RNKL168011125,COMPLETE,R204KDOL,R204KDOL,COMPLETE,02-11-2025 08:44:35,08-11-2025 21:06:48,AAGKDOL,25-05-2025 16:05:56,AAG TO KDOL,NA,1,25-05-2025 16:05:56,Administrator,NA,01-01-1970 05:30:00,Not Approved,NA,1,NA,01-11-2025 12:43:34,09-11-2025 16:48:08
2843,2025-11-14 17:21:15.000,3,RNKL168011125,COMPLETE,R205KDOL,R205KDOL,COMPLETE,03-11-2025 08:44:58,09-11-2025 16:48:07,AAGKDOL,25-05-2025 16:05:56,AAG TO KDOL,NA,1,25-05-2025 16:05:56,Administrator,NA,01-01-1970 05:30:00,Not Approved,NA,1,NA,01-11-2025 12:43:34,09-11-2025 16:48:08
2844,2025-11-14 17:21:30.000,3,RNKL166311025,COMPLETE,R203KDOL,R203KDOL,COMPLETE,31-10-2025 04:04:20,01-11-2025 12:44:22,AAGKDOL,25-05-2025 16:05:56,AAG TO KDOL,NA,1,25-05-2025 16:05:56,Administrator,NA,01-01-1970 05:30:00,Not Approved,NA,1,NA,31-10-2025 04:04:09,03-11-2025 04:47:39
2845,2025-11-14 17:21:34.000,3,RNKL166311025,COMPLETE,R204KDOL,R204KDOL,COMPLETE,01-11-2025 11:36:36,02-11-2025 08:42:01,AAGKDOL,25-05-2025 16:05:56,AAG TO KDOL,NA,1,25-05-2025 16:05:56,Administrator,NA,01-01-1970 05:30:00,Not Approved,NA,1,NA,31-10-2025 04:04:09,03-11-2025 04:47:39
2846,2025-11-14 17:21:34.000,3,RNKL166311025,COMPLETE,R205KDOL,R205KDOL,COMPLETE,02-11-2025 04:25:06,03-11-2025 04:47:38,AAGKDOL,25-05-2025 16:05:56,AAG TO KDOL,NA,1,25-05-2025 16:05:56,Administrator,NA,01-01-1970 05:30:00,Not Approved,NA,1,NA,31-10-2025 04:04:09,03-11-2025 04:47:39
2847,2025-11-14 17:21:51.000,3,RNKL162281025,COMPLETE,R203KDOL,R203KDOL,COMPLETE,28-10-2025 01:45:33,29-10-2025 17:53:33,AAGKDOL,25-05-2025 16:05:56,AAG TO KDOL,NA,1,25-05-2025 16:05:56,Administrator,NA,01-01-1970 05:30:00,Not Approved,NA,1,NA,28-10-2025 01:45:29,01-11-2025 00:52:07
2848,2025-11-14 17:21:54.000,3,RNKL162281025,COMPLETE,R204KDOL,R204KDOL,COMPLETE,29-10-2025 17:36:14,31-10-2025 02:43:28,AAGKDOL,25-05-2025 16:05:56,AAG TO KDOL,NA,1,25-05-2025 16:05:56,Administrator,NA,01-01-1970 05:30:00,Not Approved,NA,1,NA,28-10-2025 01:45:29,01-11-2025 00:52:07
2849,2025-11-14 17:21:54.000,3,RNKL162281025,COMPLETE,R205KDOL,R205KDOL,COMPLETE,30-10-2025 23:01:55,01-11-2025 00:52:06,AAGKDOL,25-05-2025 16:05:56,AAG TO KDOL,NA,1,25-05-2025 16:05:56,Administrator,NA,01-01-1970 05:30:00,Not Approved,NA,1,NA,28-10-2025 01:45:29,01-11-2025 00:52:07
2850,2025-11-14 17:22:07.000,3,RNKL160261025,COMPLETE,R203KDOL,R203KDOL,COMPLETE,26-10-2025 21:53:48,28-10-2025 01:36:30,AAGKDOL,25-05-2025 16:05:56,AAG TO KDOL,NA,1,25-05-2025 16:05:56,Administrator,NA,01-01-1970 05:30:00,Not Approved,NA,1,NA,26-10-2025 21:47:22,30-10-2025 16:16:32
2851,2025-11-14 17:22:11.000,3,RNKL160261025,COMPLETE,R204KDOL,R204KDOL,COMPLETE,28-10-2025 01:18:44,29-10-2025 17:26:14,AAGKDOL,25-05-2025 16:05:56,AAG TO KDOL,NA,1,25-05-2025 16:05:56,Administrator,NA,01-01-1970 05:30:00,Not Approved,NA,1,NA,26-10-2025 21:47:22,30-10-2025 16:16:32
2852,2025-11-14 17:22:11.000,3,RNKL160261025,COMPLETE,R205KDOL,R205KDOL,COMPLETE,28-10-2025 20:18:23,30-10-2025 16:16:31,AAGKDOL,25-05-2025 16:05:56,AAG TO KDOL,NA,1,25-05-2025 16:05:56,Administrator,NA,01-01-1970 05:30:00,Not Approved,NA,1,NA,26-10-2025 21:47:22,30-10-2025 16:16:32
2853,2025-11-14 17:22:22.000,3,RNKL158251025,COMPLETE,R203KDOL,R203KDOL,COMPLETE,25-10-2025 17:56:57,26-10-2025 21:45:57,AAGKDOL,25-05-2025 16:05:56,AAG TO KDOL,NA,1,25-05-2025 16:05:56,Administrator,NA,01-01-1970 05:30:00,Not Approved,NA,1,NA,25-10-2025 17:51:00,28-10-2025 20:12:08
2854,2025-11-14 17:22:26.000,3,RNKL158251025,COMPLETE,R204KDOL,R204KDOL,COMPLETE,26-10-2025 21:27:14,28-10-2025 01:17:14,AAGKDOL,25-05-2025 16:05:56,AAG TO KDOL,NA,1,25-05-2025 16:05:56,Administrator,NA,01-01-1970 05:30:00,Not Approved,NA,1,NA,25-10-2025 17:51:00,28-10-2025 20:12:08
2855,2025-11-14 17:22:26.000,3,RNKL158251025,COMPLETE,R205KDOL,R205KDOL,COMPLETE,27-10-2025 21:28:24,28-10-2025 20:12:07,AAGKDOL,25-05-2025 16:05:56,AAG TO KDOL,NA,1,25-05-2025 16:05:56,Administrator,NA,01-01-1970 05:30:00,Not Approved,NA,1,NA,25-10-2025 17:51:00,28-10-2025 20:12:08
2856,2025-11-14 17:22:36.000,3,RNKL156241025,COMPLETE,R203KDOL,R203KDOL,COMPLETE,24-10-2025 20:14:59,25-10-2025 17:29:15,AAGKDOL,25-05-2025 16:05:56,AAG TO KDOL,NA,1,25-05-2025 16:05:56,Administrator,NA,01-01-1970 05:30:00,Not Approved,NA,1,NA,24-10-2025 20:14:56,27-10-2025 21:26:54
2857,2025-11-14 17:22:40.000,3,RNKL156241025,COMPLETE,R204KDOL,R204KDOL,COMPLETE,25-10-2025 17:11:23,26-10-2025 21:26:38,AAGKDOL,25-05-2025 16:05:56,AAG TO KDOL,NA,1,25-05-2025 16:05:56,Administrator,NA,01-01-1970 05:30:00,Not Approved,NA,1,NA,24-10-2025 20:14:56,27-10-2025 21:26:54
2858,2025-11-14 17:22:41.000,3,RNKL156241025,COMPLETE,R205KDOL,R205KDOL,COMPLETE,26-10-2025 12:32:34,27-10-2025 21:26:53,AAGKDOL,25-05-2025 16:05:56,AAG TO KDOL,NA,1,25-05-2025 16:05:56,Administrator,NA,01-01-1970 05:30:00,Not Approved,NA,1,NA,24-10-2025 20:14:56,27-10-2025 21:26:54
2859,2025-11-14 17:22:50.000,3,RNKL154231025,COMPLETE,R203KDOL,R203KDOL,COMPLETE,23-10-2025 19:40:51,24-10-2025 20:05:08,AAGKDOL,25-05-2025 16:05:56,AAG TO KDOL,NA,1,25-05-2025 16:05:56,Administrator,NA,01-01-1970 05:30:00,Not Approved,NA,1,NA,23-10-2025 19:40:47,26-10-2025 12:08:57
2860,2025-11-14 17:22:54.000,3,RNKL154231025,COMPLETE,R204KDOL,R204KDOL,COMPLETE,24-10-2025 19:43:28,25-10-2025 17:10:38,AAGKDOL,25-05-2025 16:05:56,AAG TO KDOL,NA,1,25-05-2025 16:05:56,Administrator,NA,01-01-1970 05:30:00,Not Approved,NA,1,NA,23-10-2025 19:40:47,26-10-2025 12:08:57
2861,2025-11-14 17:22:55.000,3,RNKL154231025,COMPLETE,R205KDOL,R205KDOL,COMPLETE,25-10-2025 12:58:56,26-10-2025 12:08:56,AAGKDOL,25-05-2025 16:05:56,AAG TO KDOL,NA,1,25-05-2025 16:05:56,Administrator,NA,01-01-1970 05:30:00,Not Approved,NA,1,NA,23-10-2025 19:40:47,26-10-2025 12:08:57
2862,2025-11-14 17:23:05.000,3,RNKL152221025,COMPLETE,R203KDOL,R203KDOL,COMPLETE,22-10-2025 09:53:41,23-10-2025 19:33:00,AAGKDOL,25-05-2025 16:05:56,AAG TO KDOL,NA,1,25-05-2025 16:05:56,Administrator,NA,01-01-1970 05:30:00,Not Approved,NA,1,NA,22-10-2025 09:53:17,25-10-2025 12:58:45
2863,2025-11-14 17:23:09.000,3,RNKL152221025,COMPLETE,R204KDOL,R204KDOL,COMPLETE,23-10-2025 19:14:40,24-10-2025 19:35:19,AAGKDOL,25-05-2025 16:05:56,AAG TO KDOL,NA,1,25-05-2025 16:05:56,Administrator,NA,01-01-1970 05:30:00,Not Approved,NA,1,NA,22-10-2025 09:53:17,25-10-2025 12:58:45
2864,2025-11-14 17:23:09.000,3,RNKL152221025,COMPLETE,R205KDOL,R205KDOL,COMPLETE,24-10-2025 16:00:09,25-10-2025 12:58:44,AAGKDOL,25-05-2025 16:05:56,AAG TO KDOL,NA,1,25-05-2025 16:05:56,Administrator,NA,01-01-1970 05:30:00,Not Approved,NA,1,NA,22-10-2025 09:53:17,25-10-2025 12:58:45
2865,2025-11-14 17:23:34.000,3,RNKL146191025,COMPLETE,R203KDOL,R203KDOL,COMPLETE,19-10-2025 00:51:36,20-10-2025 01:01:51,AAGKDOL,25-05-2025 16:05:56,AAG TO KDOL,NA,1,25-05-2025 16:05:56,Administrator,NA,01-01-1970 05:30:00,Not Approved,NA,1,NA,19-10-2025 00:51:33,21-10-2025 21:00:02
2866,2025-11-14 17:23:38.000,3,RNKL146191025,COMPLETE,R204KDOL,R204KDOL,COMPLETE,20-10-2025 00:14:07,21-10-2025 00:50:56,AAGKDOL,25-05-2025 16:05:56,AAG TO KDOL,NA,1,25-05-2025 16:05:56,Administrator,NA,01-01-1970 05:30:00,Not Approved,NA,1,NA,19-10-2025 00:51:33,21-10-2025 21:00:02
2867,2025-11-14 17:23:39.000,3,RNKL146191025,COMPLETE,R205KDOL,R205KDOL,COMPLETE,20-10-2025 20:52:28,21-10-2025 21:00:01,AAGKDOL,25-05-2025 16:05:56,AAG TO KDOL,NA,1,25-05-2025 16:05:56,Administrator,NA,01-01-1970 05:30:00,Not Approved,NA,1,NA,19-10-2025 00:51:33,21-10-2025 21:00:02
2868,2025-11-14 17:23:56.000,3,RNKL140161025,COMPLETE,R203KDOL,R203KDOL,COMPLETE,16-10-2025 02:37:32,17-10-2025 00:04:01,AAGKDOL,25-05-2025 16:05:56,AAG TO KDOL,NA,1,25-05-2025 16:05:56,Administrator,NA,01-01-1970 05:30:00,Not Approved,NA,1,NA,16-10-2025 02:36:42,18-10-2025 20:08:58
2869,2025-11-14 17:24:00.000,3,RNKL140161025,COMPLETE,R204KDOL,R204KDOL,COMPLETE,16-10-2025 22:42:46,17-10-2025 22:30:10,AAGKDOL,25-05-2025 16:05:56,AAG TO KDOL,NA,1,25-05-2025 16:05:56,Administrator,NA,01-01-1970 05:30:00,Not Approved,NA,1,NA,16-10-2025 02:36:42,18-10-2025 20:08:58
2870,2025-11-14 17:24:01.000,3,RNKL140161025,COMPLETE,R205KDOL,R205KDOL,COMPLETE,17-10-2025 16:44:31,18-10-2025 20:08:57,AAGKDOL,25-05-2025 16:05:56,AAG TO KDOL,NA,1,25-05-2025 16:05:56,Administrator,NA,01-01-1970 05:30:00,Not Approved,NA,1,NA,16-10-2025 02:36:42,18-10-2025 20:08:58
2871,2025-11-14 17:24:10.000,3,RNKL138141025,COMPLETE,R203KDOL,R203KDOL,COMPLETE,14-10-2025 22:43:45,16-10-2025 02:37:25,AAGKDOL,25-05-2025 16:05:56,AAG TO KDOL,NA,1,25-05-2025 16:05:56,Administrator,NA,01-01-1970 05:30:00,Not Approved,NA,1,NA,14-10-2025 22:43:11,17-10-2025 16:43:10
2872,2025-11-14 17:24:14.000,3,RNKL138141025,COMPLETE,R204KDOL,R204KDOL,COMPLETE,16-10-2025 01:27:08,16-10-2025 22:41:21,AAGKDOL,25-05-2025 16:05:56,AAG TO KDOL,NA,1,25-05-2025 16:05:56,Administrator,NA,01-01-1970 05:30:00,Not Approved,NA,1,NA,14-10-2025 22:43:11,17-10-2025 16:43:10
2873,2025-11-14 17:24:14.000,3,RNKL138141025,COMPLETE,R205KDOL,R205KDOL,COMPLETE,16-10-2025 17:37:08,17-10-2025 16:43:09,AAGKDOL,25-05-2025 16:05:56,AAG TO KDOL,NA,1,25-05-2025 16:05:56,Administrator,NA,01-01-1970 05:30:00,Not Approved,NA,1,NA,14-10-2025 22:43:11,17-10-2025 16:43:10
2874,2025-11-14 17:24:54.000,3,RNKL112300925,COMPLETE,R203KDOL,R203KDOL,COMPLETE,30-09-2025 15:33:02,01-10-2025 12:49:48,AAGKDOL,25-05-2025 16:05:56,AAG TO KDOL,NA,1,25-05-2025 16:05:56,Administrator,NA,01-01-1970 05:30:00,Not Approved,NA,1,NA,30-09-2025 15:32:59,03-10-2025 10:39:39
2875,2025-11-14 17:24:58.000,3,RNKL112300925,COMPLETE,R204KDOL,R204KDOL,COMPLETE,01-10-2025 14:57:41,02-10-2025 11:35:28,AAGKDOL,25-05-2025 16:05:56,AAG TO KDOL,NA,1,25-05-2025 16:05:56,Administrator,NA,01-01-1970 05:30:00,Not Approved,NA,1,NA,30-09-2025 15:32:59,03-10-2025 10:39:39
2876,2025-11-14 17:24:59.000,3,RNKL112300925,COMPLETE,R205KDOL,R205KDOL,COMPLETE,02-10-2025 08:48:56,03-10-2025 10:39:38,AAGKDOL,25-05-2025 16:05:56,AAG TO KDOL,NA,1,25-05-2025 16:05:56,Administrator,NA,01-01-1970 05:30:00,Not Approved,NA,1,NA,30-09-2025 15:32:59,03-10-2025 10:39:39
2877,2025-11-14 17:25:03.000,3,RNKL107270925,COMPLETE,R203KDOL,R203KDOL,COMPLETE,27-09-2025 22:51:30,28-09-2025 19:11:57,AAGKDOL,25-05-2025 16:05:56,AAG TO KDOL,NA,1,25-05-2025 16:05:56,Administrator,NA,01-01-1970 05:30:00,Not Approved,NA,1,NA,27-09-2025 22:51:08,30-09-2025 10:06:46
2878,2025-11-14 17:25:07.000,3,RNKL107270925,COMPLETE,R204KDOL,R204KDOL,COMPLETE,28-09-2025 18:47:00,29-09-2025 16:32:21,AAGKDOL,25-05-2025 16:05:56,AAG TO KDOL,NA,1,25-05-2025 16:05:56,Administrator,NA,01-01-1970 05:30:00,Not Approved,NA,1,NA,27-09-2025 22:51:08,30-09-2025 10:06:46
2879,2025-11-14 17:25:08.000,3,RNKL107270925,COMPLETE,R205KDOL,R205KDOL,COMPLETE,29-09-2025 12:42:25,30-09-2025 10:06:45,AAGKDOL,25-05-2025 16:05:56,AAG TO KDOL,NA,1,25-05-2025 16:05:56,Administrator,NA,01-01-1970 05:30:00,Not Approved,NA,1,NA,27-09-2025 22:51:08,30-09-2025 10:06:46
2880,2025-11-14 17:25:11.000,3,RNKL105270925,COMPLETE,R203KDOL,R203KDOL,COMPLETE,27-09-2025 02:13:01,27-09-2025 21:56:54,AAGKDOL,25-05-2025 16:05:56,AAG TO KDOL,NA,1,25-05-2025 16:05:56,Administrator,NA,01-01-1970 05:30:00,Not Approved,NA,1,NA,27-09-2025 02:12:57,29-09-2025 12:42:07
2881,2025-11-14 17:25:15.000,3,RNKL105270925,COMPLETE,R204KDOL,R204KDOL,COMPLETE,27-09-2025 21:29:13,28-09-2025 18:46:35,AAGKDOL,25-05-2025 16:05:56,AAG TO KDOL,NA,1,25-05-2025 16:05:56,Administrator,NA,01-01-1970 05:30:00,Not Approved,NA,1,NA,27-09-2025 02:12:57,29-09-2025 12:42:07
2882,2025-11-14 17:25:16.000,3,RNKL105270925,COMPLETE,R205KDOL,R205KDOL,COMPLETE,28-09-2025 13:08:12,29-09-2025 12:42:06,AAGKDOL,25-05-2025 16:05:56,AAG TO KDOL,NA,1,25-05-2025 16:05:56,Administrator,NA,01-01-1970 05:30:00,Not Approved,NA,1,NA,27-09-2025 02:12:57,29-09-2025 12:42:07
2883,2025-11-14 17:25:24.000,3,RNKL101250925,COMPLETE,R203KDOL,R203KDOL,COMPLETE,25-09-2025 01:06:08,25-09-2025 23:20:50,AAGKDOL,25-05-2025 16:05:56,AAG TO KDOL,NA,1,25-05-2025 16:05:56,Administrator,NA,01-01-1970 05:30:00,Not Approved,NA,1,NA,25-09-2025 01:06:04,27-09-2025 16:20:33
2884,2025-11-14 17:25:28.000,3,RNKL101250925,COMPLETE,R204KDOL,R204KDOL,COMPLETE,25-09-2025 22:11:17,26-09-2025 23:43:05,AAGKDOL,25-05-2025 16:05:56,AAG TO KDOL,NA,1,25-05-2025 16:05:56,Administrator,NA,01-01-1970 05:30:00,Not Approved,NA,1,NA,25-09-2025 01:06:04,27-09-2025 16:20:33
2885,2025-11-14 17:25:28.000,3,RNKL101250925,COMPLETE,R205KDOL,R205KDOL,COMPLETE,26-09-2025 18:53:05,27-09-2025 16:20:32,AAGKDOL,25-05-2025 16:05:56,AAG TO KDOL,NA,1,25-05-2025 16:05:56,Administrator,NA,01-01-1970 05:30:00,Not Approved,NA,1,NA,25-09-2025 01:06:04,27-09-2025 16:20:33
2886,2025-11-14 17:25:33.000,3,RNKL099240925,COMPLETE,R203KDOL,R203KDOL,COMPLETE,24-09-2025 01:49:56,25-09-2025 00:42:29,AAGKDOL,25-05-2025 16:05:56,AAG TO KDOL,NA,1,25-05-2025 16:05:56,Administrator,NA,01-01-1970 05:30:00,Not Approved,NA,1,NA,24-09-2025 01:32:05,26-09-2025 18:52:32
2887,2025-11-14 17:25:37.000,3,RNKL099240925,COMPLETE,R204KDOL,R204KDOL,COMPLETE,25-09-2025 00:21:03,25-09-2025 22:08:42,AAGKDOL,25-05-2025 16:05:56,AAG TO KDOL,NA,1,25-05-2025 16:05:56,Administrator,NA,01-01-1970 05:30:00,Not Approved,NA,1,NA,24-09-2025 01:32:05,26-09-2025 18:52:32
2888,2025-11-14 17:25:38.000,3,RNKL099240925,COMPLETE,R205KDOL,R205KDOL,COMPLETE,25-09-2025 18:37:05,26-09-2025 18:52:31,AAGKDOL,25-05-2025 16:05:56,AAG TO KDOL,NA,1,25-05-2025 16:05:56,Administrator,NA,01-01-1970 05:30:00,Not Approved,NA,1,NA,24-09-2025 01:32:05,26-09-2025 18:52:32
2889,2025-11-14 17:25:41.000,3,RNKL097230925,COMPLETE,R203KDOL,R203KDOL,COMPLETE,23-09-2025 03:58:50,24-09-2025 01:37:53,AAGKDOL,25-05-2025 16:05:56,AAG TO KDOL,NA,1,25-05-2025 16:05:56,Administrator,NA,01-01-1970 05:30:00,Not Approved,NA,1,NA,23-09-2025 03:58:39,25-09-2025 18:36:55
2994,2025-11-14 17:32:13.000,3,REC-10203-SFC-TR,COMPLETE,R205KDOL,R205KDOL,COMPLETE,06-06-2025 16:21:29,06-06-2025 17:08:09,AAGKDOL,25-05-2025 16:05:56,AAG TO KDOL,NA,1,25-05-2025 16:05:56,Administrator,NA,01-01-1970 05:30:00,Not Approved,NA,1,NA,06-06-2025 10:31:52,06-06-2025 17:08:10
2995,2025-11-14 17:32:16.000,3,03-0158,COMPLETE,R203KDOL,R203KDOL,COMPLETE,13-11-2025 10:38:29,13-11-2025 10:38:51,AAGKDOL,25-05-2025 16:05:56,AAG TO KDOL,NA,1,25-05-2025 16:05:56,Administrator,NA,01-01-1970 05:30:00,Not Approved,NA,1,NA,05-06-2025 11:35:17,13-11-2025 10:38:55
2996,2025-11-14 17:32:21.000,3,03-0158,COMPLETE,R204KDOL,R204KDOL,COMPLETE,13-11-2025 10:38:40,13-11-2025 10:38:54,AAGKDOL,25-05-2025 16:05:56,AAG TO KDOL,NA,1,25-05-2025 16:05:56,Administrator,NA,01-01-1970 05:30:00,Not Approved,NA,1,NA,05-06-2025 11:35:17,13-11-2025 10:38:55
2997,2025-11-14 17:32:21.000,3,03-0158,COMPLETE,R205KDOL,R205KDOL,COMPLETE,13-11-2025 10:38:43,13-11-2025 10:38:53,AAGKDOL,25-05-2025 16:05:56,AAG TO KDOL,NA,1,25-05-2025 16:05:56,Administrator,NA,01-01-1970 05:30:00,Not Approved,NA,1,NA,05-06-2025 11:35:17,13-11-2025 10:38:55
2998,2025-11-14 17:32:24.000,3,0026,COMPLETE,R203KDOL,R203KDOL,COMPLETE,02-06-2025 00:42:53,02-06-2025 00:44:59,AAGKDOL,25-05-2025 16:05:56,AAG TO KDOL,NA,1,25-05-2025 16:05:56,Administrator,NA,01-01-1970 05:30:00,Not Approved,NA,1,NA,02-06-2025 00:42:48,13-11-2025 10:39:29
2999,2025-11-14 17:32:29.000,3,0026,COMPLETE,R204KDOL,R204KDOL,COMPLETE,13-11-2025 10:39:12,13-11-2025 10:39:28,AAGKDOL,25-05-2025 16:05:56,AAG TO KDOL,NA,1,25-05-2025 16:05:56,Administrator,NA,01-01-1970 05:30:00,Not Approved,NA,1,NA,02-06-2025 00:42:48,13-11-2025 10:39:29
3000,2025-11-14 17:32:30.000,3,0026,COMPLETE,R205KDOL,R205KDOL,COMPLETE,13-11-2025 10:39:15,13-11-2025 10:39:25,AAGKDOL,25-05-2025 16:05:56,AAG TO KDOL,NA,1,25-05-2025 16:05:56,Administrator,NA,01-01-1970 05:30:00,Not Approved,NA,1,NA,02-06-2025 00:42:48,13-11-2025 10:39:29
3001,2025-11-14 17:32:33.000,3,020625,COMPLETE,R203KDOL,R203KDOL,COMPLETE,02-06-2025 00:29:07,02-06-2025 00:29:28,AAGKDOL,25-05-2025 16:05:56,AAG TO KDOL,NA,1,25-05-2025 16:05:56,Administrator,NA,01-01-1970 05:30:00,Not Approved,NA,1,NA,02-06-2025 00:28:03,13-11-2025 10:39:55
3002,2025-11-14 17:32:35.000,3,020625,COMPLETE,R204KDOL,R204KDOL,COMPLETE,13-11-2025 10:39:45,13-11-2025 10:39:54,AAGKDOL,25-05-2025 16:05:56,AAG TO KDOL,NA,1,25-05-2025 16:05:56,Administrator,NA,01-01-1970 05:30:00,Not Approved,NA,1,NA,02-06-2025 00:28:03,13-11-2025 10:39:55
3003,2025-11-14 17:32:36.000,3,020625,COMPLETE,R205KDOL,R205KDOL,COMPLETE,13-11-2025 10:39:42,13-11-2025 10:39:50,AAGKDOL,25-05-2025 16:05:56,AAG TO KDOL,NA,1,25-05-2025 16:05:56,Administrator,NA,01-01-1970 05:30:00,Not Approved,NA,1,NA,02-06-2025 00:28:03,13-11-2025 10:39:55
3004,2025-11-14 17:32:40.000,3,03-0187TRIAL,COMPLETE,R203KDOL,R203KDOL,COMPLETE,06-06-2025 15:30:22,06-06-2025 15:30:32,AAGKDOL,25-05-2025 16:05:56,AAG TO KDOL,NA,1,25-05-2025 16:05:56,Administrator,NA,01-01-1970 05:30:00,Not Approved,NA,1,NA,31-05-2025 16:58:32,13-11-2025 10:40:09
3005,2025-11-14 17:32:42.000,3,03-0187TRIAL,COMPLETE,R204KDOL,R204KDOL,COMPLETE,31-05-2025 16:58:54,31-05-2025 17:01:48,AAGKDOL,25-05-2025 16:05:56,AAG TO KDOL,NA,1,25-05-2025 16:05:56,Administrator,NA,01-01-1970 05:30:00,Not Approved,NA,1,NA,31-05-2025 16:58:32,13-11-2025 10:40:09
3006,2025-11-14 17:32:42.000,3,03-0187TRIAL,COMPLETE,R205KDOL,R205KDOL,COMPLETE,13-11-2025 10:40:04,13-11-2025 10:40:08,AAGKDOL,25-05-2025 16:05:56,AAG TO KDOL,NA,1,25-05-2025 16:05:56,Administrator,NA,01-01-1970 05:30:00,Not Approved,NA,1,NA,31-05-2025 16:58:32,13-11-2025 10:40:09
3007,2025-11-14 17:32:59.000,3,03-0204,COMPLETE,REC202,REC202,COMPLETE,13-11-2025 10:43:04,13-11-2025 10:43:08,REC202,28-12-2024 15:45:38,REC202 BDA HYDROGENATION,NA,1,28-12-2024 15:45:38,Administrator,NA,01-01-1970 05:30:00,Not Approved,NA,1,NA,27-03-2025 04:51:40,13-11-2025 10:43:09
